condition_id,model,pmse_mean,pmse_std,n
0,elastic_net,0.11858341749757528,0.12504546363182178,4
0,extra_trees,0.27202976641370735,0.24172746645038007,4
0,gbrt,0.25773064258322154,0.2079325467738568,4
0,hist_gbrt,0.2889495162076499,0.27553781096627084,4
0,knn,0.38496367488044586,0.26907622769668554,4
0,lasso,0.11820533080026507,0.1253459992433079,4
0,rf,0.31160283400797323,0.2499981831206176,4
0,ridge,0.11929463897831738,0.13035733932839824,4
1,elastic_net,0.709907166659832,0.3425386737148032,4
1,extra_trees,0.6096532091046306,0.2761979091456631,4
1,gbrt,0.6564221046607084,0.4066371637746969,4
1,hist_gbrt,0.660826593317506,0.28351539024804223,4
1,knn,0.7353031757012312,0.2839143921149626,4
1,lasso,0.7098970413208008,0.3427661672374196,4
1,rf,0.6440690869046044,0.305350026708659,4
1,ridge,0.7098150700330734,0.34253491087402815,4
2,elastic_net,0.36974388360977173,0.049709481102760196,4
2,extra_trees,0.29563104105793503,0.09019222672857008,4
2,gbrt,0.30212072609387297,0.06478652287296795,4
2,hist_gbrt,0.2860154156341642,0.05619911212781446,4
2,knn,0.40064935850239114,0.1485016007140102,4
2,lasso,0.3696720004081726,0.0494389884283609,4
2,rf,0.32660214904112184,0.0814945895422111,4
2,ridge,0.368960902094841,0.04898030270761751,4
3,elastic_net,0.000774182437453419,0.0002625133439342196,4
3,extra_trees,0.05165484655061686,0.014267384203925247,4
3,gbrt,0.048374761729697985,0.018838878887991427,4
3,hist_gbrt,0.06208136124724288,0.015885031919840552,4
3,knn,0.13131914876497883,0.02423834050754286,4
3,lasso,0.0011938445968553424,0.00046578826965529405,4
3,rf,0.07539818982196153,0.030676983117218854,4
3,ridge,0.001201558974571526,0.00070699601093396,4
4,elastic_net,0.6477265357971191,0.11069753443527725,4
4,extra_trees,0.7006755690270587,0.15686521264797162,4
4,gbrt,0.7511998425186189,0.14511969957245102,4
4,hist_gbrt,0.7820958091113867,0.20781607670859378,4
4,knn,0.696340315242318,0.10768310790408268,4
4,lasso,0.6471862345933914,0.11074715522036119,4
4,rf,0.7010480245581553,0.14065092758038006,4
4,ridge,0.644857257604599,0.11102185022167009,4
5,elastic_net,0.719365730881691,0.13942915469997838,4
5,extra_trees,0.7181501507514066,0.15687024382161988,4
5,gbrt,0.7755324480582058,0.16365589438754446,4
5,hist_gbrt,0.7798612403463716,0.21107965907216097,4
5,knn,0.7732539738653676,0.15975917701659567,4
5,lasso,0.7193535566329956,0.1395446276026995,4
5,rf,0.7584980297275113,0.14977131537112415,4
5,ridge,0.7193330228328705,0.1391893092574802,4
6,elastic_net,0.33365726843476295,0.18751837882632377,4
6,extra_trees,0.4246993170620157,0.17737425627978776,4
6,gbrt,0.43618377579712686,0.1563586701824593,4
6,hist_gbrt,0.4661934906049948,0.18666901308215134,4
6,knn,0.5060272922255235,0.2275090960656553,4
6,lasso,0.3333210051059723,0.18727997143407724,4
6,rf,0.4596447610181985,0.14714287572881432,4
6,ridge,0.33202600479125977,0.18681622323295735,4
7,elastic_net,0.000823645808850415,0.0008911671411557195,4
7,extra_trees,0.11352787572161673,0.0773125974641001,4
7,gbrt,0.11302266987518608,0.07196523565331853,4
7,hist_gbrt,0.14047256779661238,0.0776421401909992,4
7,knn,0.2206796384653237,0.15040855668349412,4
7,lasso,0.0014542694561896496,0.0014622935843949052,4
7,rf,0.1556797181835844,0.10200340695110482,4
7,ridge,0.0015110645654203836,0.0010201706203233297,4
8,elastic_net,0.6754534393548965,0.08983315055603229,4
8,extra_trees,0.7424201462717888,0.08418905147749332,4
8,gbrt,0.7914729487747072,0.09064694416704805,4
8,hist_gbrt,0.8018924994526723,0.08036742105862273,4
8,knn,0.7568272127937002,0.13335948912508835,4
8,lasso,0.6751604974269867,0.08983225954860334,4
8,rf,0.7486756912047723,0.08904636969456552,4
8,ridge,0.6753550916910172,0.08987877006086908,4
9,elastic_net,0.21519630774855614,0.05581858727373742,4
9,extra_trees,0.358084346566787,0.09292465999091791,4
9,gbrt,0.30968034780810205,0.07516600619305444,4
9,hist_gbrt,0.29031196822102306,0.07360115604419208,4
9,knn,0.4891233363418636,0.1016388851553811,4
9,lasso,0.21527408063411713,0.0559139079724643,4
9,rf,0.3790415622256795,0.10422775712938961,4
9,ridge,0.21550212055444717,0.05616113307850393,4
10,elastic_net,0.3332830108702183,0.1275340876682398,4
10,extra_trees,0.4175232738035576,0.08945585212438437,4
10,gbrt,0.41007520279213217,0.08913762222511483,4
10,hist_gbrt,0.40614315303122156,0.08965832597819284,4
10,knn,0.4460954018649242,0.133951225025181,4
10,lasso,0.3334157429635525,0.12770215214690306,4
10,rf,0.43491271934189374,0.09170734752665237,4
10,ridge,0.3332703597843647,0.12731769810056284,4
11,elastic_net,0.42721154168248177,0.14637202121811402,4
11,extra_trees,0.5509765352755887,0.14388110327205567,4
11,gbrt,0.5360954681846748,0.12632016291710327,4
11,hist_gbrt,0.5146972700502586,0.11037725026688897,4
11,knn,0.6357478837828585,0.10039568224087873,4
11,lasso,0.42672836035490036,0.14687171454449352,4
11,rf,0.5847824676095974,0.10619466131671226,4
11,ridge,0.4254317469894886,0.14697008071279663,4
12,elastic_net,0.09689590521156788,0.08470193339586272,4
12,extra_trees,0.17961024882850474,0.05275773319333101,4
12,gbrt,0.12538950073804253,0.04733638087071561,4
12,hist_gbrt,0.10885601140267195,0.038980396805866846,4
12,knn,0.23825461748409021,0.05277717417258894,4
12,lasso,0.09691316168755293,0.08475759966171705,4
12,rf,0.21071088388370812,0.06495064470773725,4
12,ridge,0.09687507059425116,0.08473424538243542,4
13,elastic_net,0.4899521544575691,0.11203439736740961,4
13,extra_trees,0.6214485037085151,0.10843921147646565,4
13,gbrt,0.6822249676954966,0.09466643049278697,4
13,hist_gbrt,0.6391468448699139,0.1356160845266868,4
13,knn,0.6705331580456712,0.13239030468489776,4
13,lasso,0.4892384707927704,0.11172519981268447,4
13,rf,0.651165808255658,0.12299464453386387,4
13,ridge,0.48795321583747864,0.11062498988944051,4
14,elastic_net,0.12128937244415283,0.04644678493288069,4
14,extra_trees,0.3326742894707534,0.10038562086265543,4
14,gbrt,0.31757587818552374,0.10195564279795032,4
14,hist_gbrt,0.2982757261262614,0.09143771046205372,4
14,knn,0.41530196960672644,0.04807865724079313,4
14,lasso,0.12168890982866287,0.04705909766368333,4
14,rf,0.3664492856916346,0.10938292583391546,4
14,ridge,0.1214625034481287,0.04666735827480959,4
15,elastic_net,0.45835261791944504,0.11391134594007646,4
15,extra_trees,0.49722833782442716,0.13313264912391404,4
15,gbrt,0.47864145915299283,0.13654212025428464,4
15,hist_gbrt,0.4943138241674541,0.1394189129928093,4
15,knn,0.5621563507781663,0.06763593177567966,4
15,lasso,0.4584646001458168,0.11372461595764682,4
15,rf,0.5022454793402994,0.1434228434862528,4
15,ridge,0.4581661894917488,0.11433020736236388,4
16,elastic_net,0.34674331545829773,0.08597256284020202,4
16,extra_trees,0.3945976063235572,0.134975314292339,4
16,gbrt,0.40213043233713197,0.13976580625767873,4
16,hist_gbrt,0.4055356301177117,0.1365471994964096,4
16,knn,0.44488809237263893,0.11767529341349041,4
16,lasso,0.34676582366228104,0.08598743462397364,4
16,rf,0.42018319035985546,0.13594511613508917,4
16,ridge,0.3465558886528015,0.0860473804032613,4
17,elastic_net,0.44227854162454605,0.22392483704787128,4
17,extra_trees,0.6023280639936635,0.16603194529820156,4
17,gbrt,0.5914570302743979,0.2153838936298486,4
17,hist_gbrt,0.6185526810983399,0.22779127564056081,4
17,knn,0.7378951936132022,0.07710841061239201,4
17,lasso,0.4418328255414963,0.22359443608208798,4
17,rf,0.5941544337233862,0.16178177759991091,4
17,ridge,0.4421602785587311,0.22368868740393608,4
18,elastic_net,0.5959893390536308,0.19279611099626012,4
18,extra_trees,0.605119218835119,0.10098929266206912,4
18,gbrt,0.6903317968605437,0.12079287923883673,4
18,hist_gbrt,0.6492799988840203,0.12530753950987764,4
18,knn,0.7427058144473937,0.1769346178467631,4
18,lasso,0.5945692583918571,0.19245980124008416,4
18,rf,0.6237610367091342,0.09894758328598939,4
18,ridge,0.5944947078824043,0.19245195769960585,4
19,elastic_net,0.6167999729514122,0.19828357449413947,4
19,extra_trees,0.7187545497980499,0.21737124673458902,4
19,gbrt,0.7242699889347615,0.20018366912452268,4
19,hist_gbrt,0.7411149385392245,0.13380794231022625,4
19,knn,0.7385263972561029,0.21422191004891752,4
19,lasso,0.6166402697563171,0.19794518646427875,4
19,rf,0.7093198639930773,0.22909109064961103,4
19,ridge,0.616592101752758,0.1981777838986987,4
20,elastic_net,0.00034507280361140147,8.454108388257209e-05,4
20,extra_trees,0.09266017880285579,0.0490557515208132,4
20,gbrt,0.08226934910319095,0.04180758664816432,4
20,hist_gbrt,0.08202788302921646,0.040087837096898615,4
20,knn,0.1753153900757367,0.07643260557594958,4
20,lasso,0.00039137697604019195,8.684979183088615e-05,4
20,rf,0.11730102314792262,0.05466408354286225,4
20,ridge,0.0009882412632578053,0.0007479271798096872,4
21,elastic_net,0.0005915663423365913,0.0003391508392269507,4
21,extra_trees,0.13750778047710543,0.06375764773627328,4
21,gbrt,0.10416598831733741,0.03766879921792979,4
21,hist_gbrt,0.09894552179823235,0.03479907875308932,4
21,knn,0.2154641826261726,0.09637129218975733,4
21,lasso,0.000993513189314399,0.0005444628403057684,4
21,rf,0.17526653489711697,0.08083452454763192,4
21,ridge,0.000940464909945149,0.0004945487708560622,4
22,elastic_net,0.10343443928286433,0.06671120402566127,4
22,extra_trees,0.17784079799047242,0.05455286249446297,4
22,gbrt,0.12823921206327346,0.04966828812618804,4
22,hist_gbrt,0.11409495334119805,0.03941697416172281,4
22,knn,0.2292537831501094,0.010126675961183638,4
22,lasso,0.10345716075971723,0.06674817181717427,4
22,rf,0.2151419338282755,0.06630393668940836,4
22,ridge,0.10339751793071628,0.06671795472192933,4
23,elastic_net,0.0014957084349589422,0.00040513142977815277,4
23,extra_trees,0.11451249978575598,0.023592827925829653,4
23,gbrt,0.12796053043927988,0.016493227508250413,4
23,hist_gbrt,0.12530944718301978,0.0185734514318059,4
23,knn,0.2486722041987688,0.03655928904624164,4
23,lasso,0.002187860431149602,0.0008788959793086393,4
23,rf,0.1578073287476101,0.04044739420193423,4
23,ridge,0.003609605977544561,0.0018554864569908693,4
24,elastic_net,0.032221013912931085,0.030240884631424735,4
24,extra_trees,0.09339336490022529,0.08158063831856534,4
24,gbrt,0.09790022709743428,0.07768786110689921,4
24,hist_gbrt,0.1251420573386332,0.08931743147308707,4
24,knn,0.15582535321657648,0.14279651067708105,4
24,lasso,0.032309358241036534,0.02980140011133465,4
24,rf,0.1113597125610069,0.0798115096592136,4
24,ridge,0.03137907525524497,0.03781281056075206,4
25,elastic_net,0.6083787083625793,0.14658094365856475,4
25,extra_trees,0.5924849271093422,0.11380459511897686,4
25,gbrt,0.667282436862871,0.1066158177642696,4
25,hist_gbrt,0.7314637849831482,0.1393980786300839,4
25,knn,0.653220044938636,0.15729548912451022,4
25,lasso,0.6078895479440689,0.14632792248143206,4
25,rf,0.6009466728214921,0.10570202736976689,4
25,ridge,0.6074273735284805,0.14688619225056332,4
26,elastic_net,0.45161794126033783,0.17569201750450628,4
26,extra_trees,0.5292775938600425,0.18955732161873226,4
26,gbrt,0.5272657792269425,0.16964517895473658,4
26,hist_gbrt,0.5438948128578717,0.16226420997134278,4
26,knn,0.6230785690972067,0.18476096412751772,4
26,lasso,0.451479472219944,0.17578517188747295,4
26,rf,0.5685889203143577,0.16200294063910264,4
26,ridge,0.4523255452513695,0.1759616012479602,4
27,elastic_net,0.08005017042160034,0.02574097052720434,4
27,extra_trees,0.3067278581277536,0.05326578609051374,4
27,gbrt,0.23989609774528733,0.012467318671525942,4
27,hist_gbrt,0.21403804135368623,0.011728383449912418,4
27,knn,0.4119145636540602,0.04224324886221599,4
27,lasso,0.07999715022742748,0.025677749768732307,4
27,rf,0.3595870597586348,0.044309937050737706,4
27,ridge,0.08000969234853983,0.025793885666506554,4
28,elastic_net,0.25830254703760147,0.08739579341351755,4
28,extra_trees,0.4308556801015634,0.12329983060211673,4
28,gbrt,0.3840569907778185,0.1076865388925447,4
28,hist_gbrt,0.39647645817356797,0.10892785390669708,4
28,knn,0.5678860812871267,0.10510926826297197,4
28,lasso,0.2573882192373276,0.087139488825542,4
28,rf,0.4367404476839034,0.13743948929856545,4
28,ridge,0.2526683062314987,0.08182664381257058,4
29,elastic_net,0.07961220666766167,0.039281562217899725,4
29,extra_trees,0.14907292276698453,0.06317916545983135,4
29,gbrt,0.10971057043157084,0.04305360098066499,4
29,hist_gbrt,0.0975584901078061,0.036639012500401365,4
29,knn,0.22903946063510655,0.022762463167028835,4
29,lasso,0.0795858334749937,0.0392473819719163,4
29,rf,0.17334899409476445,0.07108436842791321,4
29,ridge,0.07960481848567724,0.03920155022460538,4
30,elastic_net,0.3563495837152004,0.12786612387918453,4
30,extra_trees,0.44983553002381865,0.09181507288917554,4
30,gbrt,0.4147979853851191,0.09423150204104515,4
30,hist_gbrt,0.42343666972546423,0.06600514693950975,4
30,knn,0.4687514799896886,0.08179807875107226,4
30,lasso,0.3563632220029831,0.12785913629010362,4
30,rf,0.43772136430142505,0.07993256785158898,4
30,ridge,0.3563842810690403,0.12763870814262088,4
31,elastic_net,0.060984103474766016,0.03363325685126087,4
31,extra_trees,0.16147008884209513,0.013431488523649967,4
31,gbrt,0.1309620749277929,0.01309452479908422,4
31,hist_gbrt,0.1237784690682953,0.014062745224829344,4
31,knn,0.27820280561686156,0.03537078734966655,4
31,lasso,0.0610919538885355,0.0336055486506807,4
31,rf,0.1956095498428181,0.028112689373135494,4
31,ridge,0.06059434171766043,0.033778645246389176,4
32,elastic_net,0.2764889560639858,0.04360267351531261,4
32,extra_trees,0.4427439614072841,0.04836460213979099,4
32,gbrt,0.37686248204119943,0.06345029688720756,4
32,hist_gbrt,0.37302455725032413,0.05969014910552783,4
32,knn,0.5787700168147011,0.05602227264254028,4
32,lasso,0.2764201797544956,0.0436744563214299,4
32,rf,0.4846345936292548,0.06964887342564548,4
32,ridge,0.2765445001423359,0.04345920450861942,4
33,elastic_net,0.11018069460988045,0.0668019012217742,4
33,extra_trees,0.2053044759670565,0.06457533176978024,4
33,gbrt,0.1790008286631682,0.05501591463111288,4
33,hist_gbrt,0.16627647436380785,0.05001942513199083,4
33,knn,0.2933819252171659,0.07342234053561213,4
33,lasso,0.11050444468855858,0.0669247524405751,4
33,rf,0.22318114858315946,0.05832391670649626,4
33,ridge,0.11120149120688438,0.06672265865765,4
34,elastic_net,0.09571190713904798,0.07502896439658333,4
34,extra_trees,0.1496981544894665,0.09081496339141389,4
34,gbrt,0.1521488233135363,0.09513623661100289,4
34,hist_gbrt,0.14852032033345763,0.10250703132426982,4
34,knn,0.20102065835142865,0.09837739958845816,4
34,lasso,0.09580415021628141,0.07476524676114754,4
34,rf,0.16534573523707047,0.09300736574550526,4
34,ridge,0.09962105029262602,0.0773859063411795,4
35,elastic_net,0.36639658361673355,0.13753384667969631,4
35,extra_trees,0.5762677271519958,0.17040895383445556,4
35,gbrt,0.5450316238787296,0.19501103582376997,4
35,hist_gbrt,0.5273108085699814,0.18656521601718953,4
35,knn,0.6203788171870344,0.13612058530347249,4
35,lasso,0.3662393167614937,0.13733520644111064,4
35,rf,0.5997407761367841,0.17114218720903993,4
35,ridge,0.3659360557794571,0.1373493225933646,4
36,elastic_net,0.09549176879227161,0.053644517538137454,4
36,extra_trees,0.4218410784947847,0.07188811224629656,4
36,gbrt,0.3691791575456627,0.05881810939647114,4
36,hist_gbrt,0.2963305999269341,0.05614373242688298,4
36,knn,0.5113621818166025,0.15281623386420454,4
36,lasso,0.09553333930671215,0.053644455675562516,4
36,rf,0.4658904453102788,0.08108556650953591,4
36,ridge,0.09491499420255423,0.053785529818612635,4
37,elastic_net,0.2962608188390732,0.19070220707364016,4
37,extra_trees,0.3412410890996973,0.1084728320424484,4
37,gbrt,0.2885400460597045,0.06336355305183501,4
37,hist_gbrt,0.2538947916256102,0.077778319857414,4
37,knn,0.4757291826936253,0.06757555767578215,4
37,lasso,0.2963099405169487,0.19066227287009524,4
37,rf,0.38079185205897326,0.07885168514246683,4
37,ridge,0.29622743278741837,0.19055465913882874,4
38,elastic_net,0.01915838461718522,0.021950674982844937,4
38,extra_trees,0.1274880340105876,0.10231590490794924,4
38,gbrt,0.1269640166929394,0.10561075584639217,4
38,hist_gbrt,0.1605011766699557,0.0845622377340793,4
38,knn,0.2601856183168736,0.1374023191095832,4
38,lasso,0.01914834725903347,0.02158672118859043,4
38,rf,0.14904674272150475,0.11122458979521596,4
38,ridge,0.029708642687182873,0.030403615043181877,4
39,elastic_net,0.03800156753277406,0.02765173286220142,4
39,extra_trees,0.15315907235923124,0.08882989515500211,4
39,gbrt,0.13525918667368483,0.078840531554045,4
39,hist_gbrt,0.13007012491615794,0.06378487469673125,4
39,knn,0.20725982966523174,0.10955195403520326,4
39,lasso,0.0383118781610392,0.027631526599495092,4
39,rf,0.16589625488353166,0.09471264392974627,4
39,ridge,0.03968885442009196,0.02758502250549131,4
40,elastic_net,0.02309717751631979,0.027618678154359127,4
40,extra_trees,0.08561382875719849,0.032445826479445786,4
40,gbrt,0.08307296829600135,0.04048631752611322,4
40,hist_gbrt,0.08881833392273378,0.050474831871986064,4
40,knn,0.1357184116845557,0.03141373657386532,4
40,lasso,0.023162981553468853,0.0275306524470093,4
40,rf,0.09880681104472064,0.03662793469083612,4
40,ridge,0.025598724896553904,0.029342374989186924,4
41,elastic_net,0.5476309508085251,0.24632870856949823,4
41,extra_trees,0.7573747653068466,0.218664583336395,4
41,gbrt,0.7797894416277023,0.24176737529490067,4
41,hist_gbrt,0.7009930998680833,0.2137448295915715,4
41,knn,0.811692189998651,0.18315722416513183,4
41,lasso,0.54632518440485,0.24485205782071304,4
41,rf,0.7625661812553289,0.2047780657777215,4
41,ridge,0.5410181730985641,0.23926547969499828,4
42,elastic_net,0.3566455841064453,0.059374057393475226,4
42,extra_trees,0.454826894842304,0.07758906637892546,4
42,gbrt,0.42591807999071357,0.09305816439930899,4
42,hist_gbrt,0.4428391895149483,0.07964796040323623,4
42,knn,0.5454967198706093,0.10684715314419616,4
42,lasso,0.3568307235836983,0.05945264795298177,4
42,rf,0.4750856721833959,0.09853656581613451,4
42,ridge,0.356660395860672,0.05944234245025323,4
43,elastic_net,0.2527524121105671,0.16201669664584453,4
43,extra_trees,0.48019643006005663,0.2631588854516003,4
43,gbrt,0.47489948212587496,0.2396229530519366,4
43,hist_gbrt,0.43177800032309965,0.23968354332959224,4
43,knn,0.5593115133687468,0.30739456656469255,4
43,lasso,0.2530668340623379,0.1620561862051758,4
43,rf,0.49937343511686894,0.22921680957510335,4
43,ridge,0.25413748249411583,0.16105279569401829,4
44,elastic_net,0.514718621969223,0.20176120953849463,4
44,extra_trees,0.33492721020800603,0.08948534487534102,4
44,gbrt,0.32583785979801044,0.10019210971178666,4
44,hist_gbrt,0.2925010172537191,0.0943770467903581,4
44,knn,0.4156963095815385,0.13152144049524928,4
44,lasso,0.5146410539746284,0.20188982633340855,4
44,rf,0.3890436776797467,0.10085887431869665,4
44,ridge,0.5145988538861275,0.20170585810277888,4
45,elastic_net,0.021952464448986575,0.02103412150641102,4
45,extra_trees,0.1401491747474238,0.015846027095313336,4
45,gbrt,0.14907195846367854,0.02508957667539041,4
45,hist_gbrt,0.1745255819939826,0.03475637484631945,4
45,knn,0.21566045225175898,0.08017868774310859,4
45,lasso,0.021937314319075085,0.020940765448316294,4
45,rf,0.18868671053005218,0.042078514657863116,4
45,ridge,0.0251547783263959,0.021694645589545605,4
46,elastic_net,0.03676223789807409,0.036324629521131774,4
46,extra_trees,0.2199042176391902,0.10369111000430513,4
46,gbrt,0.18736038328650728,0.07549758074144311,4
46,hist_gbrt,0.18241811461062812,0.07167281804655408,4
46,knn,0.3273693876242189,0.06348521292512473,4
46,lasso,0.03731362154940143,0.035458305853761724,4
46,rf,0.25605438202659236,0.09320500824128534,4
46,ridge,0.04128973576007411,0.04133289784171541,4
47,elastic_net,0.326924417167902,0.17769172623562693,4
47,extra_trees,0.44296162114763643,0.1110400050685893,4
47,gbrt,0.43206804986292907,0.1376955487800062,4
47,hist_gbrt,0.41248634569212267,0.13973576448396888,4
47,knn,0.5359473712952192,0.08269319313391313,4
47,lasso,0.32706524059176445,0.17716011619423874,4
47,rf,0.4511490145264795,0.1187740603851983,4
47,ridge,0.32731447741389275,0.17738864392521833,4
48,elastic_net,0.053643081337213516,0.017486504822640178,4
48,extra_trees,0.3701088874573034,0.03308715040223935,4
48,gbrt,0.2672737330842032,0.035290499650039935,4
48,hist_gbrt,0.23058825833607807,0.027153557696258275,4
48,knn,0.4570830936743233,0.027619409789502815,4
48,lasso,0.05362572334706783,0.017468465608393914,4
48,rf,0.41732515773088097,0.04243395040850282,4
48,ridge,0.05369278974831104,0.017500671852919234,4
49,elastic_net,0.2238297536969185,0.08212924524201341,4
49,extra_trees,0.38705693572159333,0.07637927156141432,4
49,gbrt,0.3631666253329332,0.050843866475912325,4
49,hist_gbrt,0.36208226132444976,0.05948010686333691,4
49,knn,0.473434941050215,0.09511112181422332,4
49,lasso,0.22394084185361862,0.08201589212789354,4
49,rf,0.41135582480964017,0.06909685926850068,4
49,ridge,0.22397557832300663,0.08103690765641865,4
50,elastic_net,0.2947964183986187,0.13916804084090695,4
50,extra_trees,0.4906430626706831,0.20978873212474675,4
50,gbrt,0.4773065730879036,0.20672174207756341,4
50,hist_gbrt,0.42679653224103387,0.1517834605053143,4
50,knn,0.5464523024983057,0.13714559791215572,4
50,lasso,0.2947928197681904,0.13954336508632084,4
50,rf,0.5121874458069985,0.17833770263388254,4
50,ridge,0.29417659714818,0.13982502648866282,4
51,elastic_net,0.07490935502573848,0.09680725082461417,4
51,extra_trees,0.22893225809151121,0.12796743658147075,4
51,gbrt,0.23220746534683978,0.13268063258736046,4
51,hist_gbrt,0.19945591290617534,0.11140304483308174,4
51,knn,0.25081976213466334,0.11500305321360328,4
51,lasso,0.0752241793088615,0.09675290027830383,4
51,rf,0.2846978295022431,0.13010489426559835,4
51,ridge,0.08056207047775388,0.09358113187185038,4
52,elastic_net,0.0636805547401309,0.025731140236616417,4
52,extra_trees,0.09523031161062609,0.06562697526464147,4
52,gbrt,0.09360132133853469,0.06522190895833821,4
52,hist_gbrt,0.08427307121371244,0.05908393589451475,4
52,knn,0.20094311108491034,0.13979048046038844,4
52,lasso,0.06330799637362361,0.02546147709446581,4
52,rf,0.12099098172845721,0.0799799487323714,4
52,ridge,0.06503633130341768,0.0278373873853531,4
53,elastic_net,0.1208875197917223,0.030724677472619723,4
53,extra_trees,0.3274983395184581,0.039420437391451145,4
53,gbrt,0.2387604958084851,0.02871927196174172,4
53,hist_gbrt,0.2324933247427067,0.034819238805422925,4
53,knn,0.41692832516142636,0.043398572123980496,4
53,lasso,0.12093004770576954,0.030655551123830883,4
53,rf,0.3661315715115945,0.04570906719358979,4
53,ridge,0.12085253559052944,0.030720615526279606,4
54,elastic_net,0.09884008392691612,0.02913595045982554,4
54,extra_trees,0.15903354517692306,0.02701829326982769,4
54,gbrt,0.12628618120280805,0.029752637714485684,4
54,hist_gbrt,0.11140096488775826,0.024818257361978093,4
54,knn,0.21415930026082514,0.045197510115479865,4
54,lasso,0.09883430227637291,0.029182750231844003,4
54,rf,0.1875831554284718,0.029516716128973167,4
54,ridge,0.09881480410695076,0.029124897135577806,4
55,elastic_net,0.20926194079220295,0.09287574270090736,4
55,extra_trees,0.34453819723090284,0.06535309179887015,4
55,gbrt,0.3301502141073438,0.07664018375657942,4
55,hist_gbrt,0.318947712126878,0.08467735227699456,4
55,knn,0.4361852264094238,0.04557658814586711,4
55,lasso,0.2093338593840599,0.09285346602664994,4
55,rf,0.37801340385523907,0.07113205803310449,4
55,ridge,0.20882151648402214,0.09313742633491967,4
56,elastic_net,0.21342732361517847,0.20646996788778865,4
56,extra_trees,0.289751053040453,0.1645269474266478,4
56,gbrt,0.3153767001393635,0.19529765988647982,4
56,hist_gbrt,0.3315641412659972,0.18528373580440768,4
56,knn,0.3616113128342176,0.11328887155777219,4
56,lasso,0.21388101018965244,0.20757122644788567,4
56,rf,0.326232091413181,0.1685244798233634,4
56,ridge,0.20592052931897342,0.1951696310725058,4
57,elastic_net,0.19932475313544273,0.06341052723039896,4
57,extra_trees,0.21576286895755387,0.0456123385241091,4
57,gbrt,0.21141197060956907,0.0622203025559422,4
57,hist_gbrt,0.20453012420082056,0.050847271339243175,4
57,knn,0.2680741758823333,0.05893618232716117,4
57,lasso,0.19938719272613525,0.0634364503936539,4
57,rf,0.25252711032583663,0.04905837615198263,4
57,ridge,0.19922199472784996,0.06334717818841192,4
58,elastic_net,0.6798991113901138,0.13728294508732106,4
58,extra_trees,0.7084692599225809,0.1434094477726125,4
58,gbrt,0.7402171976898883,0.13060729596034049,4
58,hist_gbrt,0.743874223147604,0.13279724214562366,4
58,knn,0.7530099700445537,0.12250730454003637,4
58,lasso,0.6799191311001778,0.13730320521811173,4
58,rf,0.7167632420872683,0.15515416349823388,4
58,ridge,0.679756723344326,0.13721019913470286,4
59,elastic_net,0.07543488126248121,0.07947673906293518,4
59,extra_trees,0.2578250726710686,0.15322785790949092,4
59,gbrt,0.2278441762808217,0.15148604520718617,4
59,hist_gbrt,0.21248685379732796,0.1405138187320205,4
59,knn,0.3474599406488619,0.14644858245471892,4
59,lasso,0.07580223772674799,0.07949130204671373,4
59,rf,0.2835790240987774,0.1513859439208091,4
59,ridge,0.07901552971452475,0.07840310951851075,4
60,elastic_net,0.3027748018503189,0.1549424918442772,4
60,extra_trees,0.35359730637760145,0.16158828366488673,4
60,gbrt,0.34688471605898796,0.1491313010291251,4
60,hist_gbrt,0.3576617959110368,0.15882551089627692,4
60,knn,0.40035502818533186,0.17659151271716872,4
60,lasso,0.30245883390307426,0.1546168141048134,4
60,rf,0.38985053250338175,0.16614278968140384,4
60,ridge,0.30223698541522026,0.154436136421852,4
61,elastic_net,0.0008017045620363206,0.00038350230485855504,4
61,extra_trees,0.0633121583368592,0.05932721162225853,4
61,gbrt,0.05984485158487346,0.04072917788113935,4
61,hist_gbrt,0.07593208573247634,0.04503471074638963,4
61,knn,0.1147188019595411,0.037947600265112645,4
61,lasso,0.0010892334976233542,0.0005222020745862467,4
61,rf,0.07596439365498062,0.056113134081638476,4
61,ridge,0.001333519430772867,0.0007269060067849055,4
62,elastic_net,0.4919523000717163,0.1492489098880236,4
62,extra_trees,0.6399794618009,0.12548146805508298,4
62,gbrt,0.6737161137931038,0.14064927810925423,4
62,hist_gbrt,0.6434850081447556,0.13945589764740032,4
62,knn,0.6785774832055179,0.13739167130008265,4
62,lasso,0.49169375002384186,0.14922443472726696,4
62,rf,0.6362394060537642,0.11082272252891759,4
62,ridge,0.48982948064804077,0.1484010804624287,4
63,elastic_net,0.008641845459351316,0.010127588293312688,4
63,extra_trees,0.19605691500484645,0.05350793893461108,4
63,gbrt,0.17858874945327952,0.043830594822938475,4
63,hist_gbrt,0.1716458931604472,0.04889037331837731,4
63,knn,0.3023244993139224,0.08017646030334757,4
63,lasso,0.009463844122365117,0.010197155137621554,4
63,rf,0.2359197583481391,0.05498077453643466,4
63,ridge,0.016838327515870333,0.01394625218304314,4
64,elastic_net,0.29723861441016197,0.14157879975386223,4
64,extra_trees,0.34696759517825704,0.15456721331347878,4
64,gbrt,0.32169430111332,0.1261318195548982,4
64,hist_gbrt,0.29724985155809214,0.14432358184998573,4
64,knn,0.3864232616876598,0.15051322666696973,4
64,lasso,0.2971184682101011,0.14163482098008745,4
64,rf,0.3984204794486196,0.1574141809016694,4
64,ridge,0.2967320755124092,0.14166207707728792,4
65,elastic_net,0.4935620278120041,0.15425787764159454,4
65,extra_trees,0.5119723839281909,0.14929528304009043,4
65,gbrt,0.5361480903464653,0.1827162139018402,4
65,hist_gbrt,0.5427964969530599,0.18665990472833444,4
65,knn,0.5558069212663657,0.17689210271574035,4
65,lasso,0.49359484016895294,0.15421920867329367,4
65,rf,0.5312605901760209,0.12871928989305928,4
65,ridge,0.4927944615483284,0.15380173238604833,4
66,elastic_net,0.5627793222665787,0.15984113501964684,4
66,extra_trees,0.5148886073130506,0.18309806515148022,4
66,gbrt,0.5496601476865298,0.2107125329881604,4
66,hist_gbrt,0.5181631367723565,0.2014648855148963,4
66,knn,0.5302436886006342,0.17077781986255802,4
66,lasso,0.5627422630786896,0.15998899719081405,4
66,rf,0.5519821205782,0.1774236122864202,4
66,ridge,0.562790147960186,0.1597596976931782,4
67,elastic_net,0.11111612617969513,0.06435268751145198,4
67,extra_trees,0.24933165152103887,0.07164278849925222,4
67,gbrt,0.2369905336059126,0.08825288526450897,4
67,hist_gbrt,0.1898231899644485,0.05511079445465117,4
67,knn,0.3543609587017534,0.06199355871841627,4
67,lasso,0.11113976500928402,0.06448222291578985,4
67,rf,0.31896608914187585,0.07142282121988537,4
67,ridge,0.11146290879696608,0.06487335593453228,4
68,elastic_net,0.08292957954108715,0.05126688239332189,4
68,extra_trees,0.2851286881443277,0.10495278587107647,4
68,gbrt,0.24938834293383363,0.053446495517221096,4
68,hist_gbrt,0.2420775680210807,0.05327134929569004,4
68,knn,0.3841585790433003,0.17646439550991477,4
68,lasso,0.08257926721125841,0.05126505036931526,4
68,rf,0.34023656440036215,0.10775595519555137,4
68,ridge,0.08326433040201664,0.050730996914031226,4
69,elastic_net,0.572384387254715,0.12899392681909863,4
69,extra_trees,0.7623818232067479,0.13660305116695273,4
69,gbrt,0.7765730532789309,0.1389218037151472,4
69,hist_gbrt,0.6832363804779937,0.13463073146029805,4
69,knn,0.7672525763096553,0.1476926538428837,4
69,lasso,0.5721804350614548,0.12889876705419637,4
69,rf,0.7740396992295209,0.14587660728299584,4
69,ridge,0.5708067417144775,0.1293557428151495,4
70,elastic_net,0.0009240113504347391,0.0006452739898294944,4
70,extra_trees,0.1940748812285396,0.26726721374124424,4
70,gbrt,0.22137614693353164,0.3154966443938094,4
70,hist_gbrt,0.21993394524276894,0.25635377256533565,4
70,knn,0.2887847483864498,0.3688741213070869,4
70,lasso,0.0015489493816858158,0.0010879459686818714,4
70,rf,0.2408397768978437,0.31112320560782003,4
70,ridge,0.004177586881269235,0.005450209271844557,4
71,elastic_net,0.13569916784763336,0.10316672446117808,4
71,extra_trees,0.12095334309581984,0.055428795955465765,4
71,gbrt,0.12383308441563251,0.062328020745388624,4
71,hist_gbrt,0.13591391696434146,0.06702058270937886,4
71,knn,0.1777498218138753,0.08165996317438314,4
71,lasso,0.13552296301349998,0.10295075847139817,4
71,rf,0.1424707815245329,0.05858920652655415,4
71,ridge,0.13574422616511583,0.10328441895552803,4
72,elastic_net,0.3881831541657448,0.1990985712854592,4
72,extra_trees,0.33108684468946326,0.09163209378541472,4
72,gbrt,0.29708049753017113,0.097159620632563,4
72,hist_gbrt,0.28072440202954757,0.09966447890618867,4
72,knn,0.4190700660076991,0.09925423400873642,4
72,lasso,0.3880876898765564,0.198971312386839,4
72,rf,0.38054068655417683,0.10274641159615511,4
72,ridge,0.38818359375,0.19891262449940766,4
73,elastic_net,0.19341960456222296,0.12237411352725708,4
73,extra_trees,0.4299070330254139,0.10969849121828833,4
73,gbrt,0.4537755332729366,0.1502339536499223,4
73,hist_gbrt,0.41404845926356126,0.13042130642614763,4
73,knn,0.539885790836136,0.11949445812400239,4
73,lasso,0.19325169920921326,0.12201728853844293,4
73,rf,0.4735154717516422,0.11089628331555873,4
73,ridge,0.19345733430236578,0.11958102336694729,4
74,elastic_net,0.29672303423285484,0.12209309435457964,4
74,extra_trees,0.3838059408847032,0.14027598798631863,4
74,gbrt,0.3663630323875353,0.12701481174951382,4
74,hist_gbrt,0.37158225540474593,0.11326449776249557,4
74,knn,0.4379878138613642,0.16229159491842368,4
74,lasso,0.29674406722187996,0.12198105622872542,4
74,rf,0.412148327297427,0.1359612509817878,4
74,ridge,0.2969322130084038,0.12227435595220747,4
75,elastic_net,0.1926613412797451,0.08276788929002868,4
75,extra_trees,0.20991303436194844,0.08850130148782018,4
75,gbrt,0.2289756767800201,0.08655229738550377,4
75,hist_gbrt,0.216344668682968,0.06884593164416355,4
75,knn,0.3283037646761068,0.1936736548219943,4
75,lasso,0.19219008460640907,0.08443764524457974,4
75,rf,0.2291786978183501,0.08807758255147329,4
75,ridge,0.19376901537179947,0.08881732423188601,4
76,elastic_net,0.3185092695057392,0.07103051419285333,4
76,extra_trees,0.40394012933623047,0.09791403911814683,4
76,gbrt,0.40175998533295515,0.12155345877508775,4
76,hist_gbrt,0.3973541384818031,0.09730148198152336,4
76,knn,0.46731489515772234,0.07338147701754565,4
76,lasso,0.31868330016732216,0.07091178009777008,4
76,rf,0.43050789384664284,0.11229704560916255,4
76,ridge,0.31879912316799164,0.07090163408526128,4
77,elastic_net,0.484114833176136,0.19955801144729413,4
77,extra_trees,0.4840197760782925,0.1698644744675588,4
77,gbrt,0.5207230545160408,0.15739043147652668,4
77,hist_gbrt,0.5227976619490596,0.1399178604558329,4
77,knn,0.540180731619444,0.14907366215763398,4
77,lasso,0.48392993211746216,0.19969951047055495,4
77,rf,0.5191040735537003,0.1643985864347817,4
77,ridge,0.483976811170578,0.19962016565511947,4
78,elastic_net,0.24821413308382034,0.05800844655881171,4
78,extra_trees,0.39418224392864565,0.0805443106207449,4
78,gbrt,0.345745433813043,0.05648647089442475,4
78,hist_gbrt,0.3486539728369435,0.047226539402964125,4
78,knn,0.4498333273905459,0.09446541611056049,4
78,lasso,0.24793940410017967,0.057683385550303175,4
78,rf,0.4117019254634213,0.06163630632728453,4
78,ridge,0.24831606075167656,0.05808873012733785,4
79,elastic_net,0.4798658862709999,0.1793905530945189,4
79,extra_trees,0.5044610584667939,0.13339006813283993,4
79,gbrt,0.532672211604282,0.17073456770436196,4
79,hist_gbrt,0.5012827044613517,0.12855460132828347,4
79,knn,0.591893819659636,0.15759181017691642,4
79,lasso,0.4797559529542923,0.1795275335362338,4
79,rf,0.5232830582723119,0.1471840333646458,4
79,ridge,0.4789710268378258,0.17871888508406017,4
80,elastic_net,0.08226664608810097,0.07019565130233542,4
80,extra_trees,0.40435317594965037,0.27450521181258447,4
80,gbrt,0.37671601116748127,0.29001758071675576,4
80,hist_gbrt,0.34415710186488924,0.23366220459512044,4
80,knn,0.5239220855379785,0.27520910989953207,4
80,lasso,0.0817938960972242,0.06956373760715925,4
80,rf,0.43868412827001535,0.28813536252743743,4
80,ridge,0.09343617293052375,0.08350172595515021,4
81,elastic_net,0.06134849926456809,0.03595050649558079,4
81,extra_trees,0.3014748678961665,0.07956476819955254,4
81,gbrt,0.2686827963825646,0.042050091560232226,4
81,hist_gbrt,0.24643659616314068,0.05875869167406663,4
81,knn,0.4603084152995822,0.11847722792306668,4
81,lasso,0.06155857956036925,0.035906346113140857,4
81,rf,0.3371984393726672,0.09045934976346107,4
81,ridge,0.06511699873954058,0.03461834866947908,4
82,elastic_net,0.7189673334360123,0.08064137498765164,4
82,extra_trees,0.7451918234574992,0.04459564656080644,4
82,gbrt,0.8117828896085401,0.07928789038844553,4
82,hist_gbrt,0.8093119206648256,0.08570488667375908,4
82,knn,0.8150667100361431,0.057277400742824384,4
82,lasso,0.7188076972961426,0.08066897507611054,4
82,rf,0.7433410872718348,0.03131527259944032,4
82,ridge,0.7188357263803482,0.08058150242667873,4
83,elastic_net,0.7102915495634079,0.2466706904207788,4
83,extra_trees,0.8063506251808691,0.20604997736558936,4
83,gbrt,0.8894673324929879,0.24668080821298807,4
83,hist_gbrt,0.8688698337972356,0.22498449453192015,4
83,knn,0.8648402475327668,0.1690089389261887,4
83,lasso,0.7102624326944351,0.24660269713806293,4
83,rf,0.8038248746651235,0.19922518546968815,4
83,ridge,0.7081171721220016,0.24878888076151776,4
84,elastic_net,0.642061248421669,0.06612263112083559,4
84,extra_trees,0.7120085154945981,0.058538042610141595,4
84,gbrt,0.7211547950418796,0.0802695846486341,4
84,hist_gbrt,0.7742600159286821,0.06540580009487391,4
84,knn,0.8329399733838901,0.10668899929994821,4
84,lasso,0.6417589634656906,0.06567416418519365,4
84,rf,0.7128874537524315,0.047050542202208355,4
84,ridge,0.641315296292305,0.0647712575328386,4
85,elastic_net,0.622051864862442,0.11029610178836148,4
85,extra_trees,0.6442047839428723,0.09202498322081151,4
85,gbrt,0.6641566222362231,0.11068842176405316,4
85,hist_gbrt,0.69226683995866,0.1254615903309522,4
85,knn,0.7177802428751421,0.0754151928895873,4
85,lasso,0.6219941526651382,0.11008224281385037,4
85,rf,0.6422941492528195,0.09048792969676137,4
85,ridge,0.6221720278263092,0.11035791079277497,4
86,elastic_net,0.1356340404599905,0.050419676548824045,4
86,extra_trees,0.27388937323259277,0.06830155670434224,4
86,gbrt,0.2567763406431782,0.04347581082139659,4
86,hist_gbrt,0.2613527079162635,0.05470751557117491,4
86,knn,0.3535351718119836,0.087348753352955,4
86,lasso,0.13543891534209251,0.05005476066127093,4
86,rf,0.302788925466672,0.04727634220799051,4
86,ridge,0.13503297977149487,0.04847323545787646,4
87,elastic_net,0.4671702980995178,0.13054139602347195,4
87,extra_trees,0.6524701927452197,0.06759382956752928,4
87,gbrt,0.6868720758532285,0.06523941588855896,4
87,hist_gbrt,0.6249092003976885,0.0751163900794182,4
87,knn,0.7254770502606527,0.06753396019687156,4
87,lasso,0.467036135494709,0.13056132735057904,4
87,rf,0.6769221451926585,0.04350472649330869,4
87,ridge,0.46679843217134476,0.1306089742792584,4
88,elastic_net,0.1391853615641594,0.1053563039090525,4
88,extra_trees,0.29242213613226103,0.12036504078559025,4
88,gbrt,0.27269582236237183,0.1487023376729318,4
88,hist_gbrt,0.26614530186157637,0.1538841334199366,4
88,knn,0.4004782815307799,0.16570568065263944,4
88,lasso,0.13912921026349068,0.10554651245629935,4
88,rf,0.3218318464143901,0.13322630778837297,4
88,ridge,0.13953411392867565,0.10683760082733113,4
89,elastic_net,0.0006978754536248744,0.00025647710093074864,4
89,extra_trees,0.1471901756962729,0.07384936828079185,4
89,gbrt,0.1324253285993079,0.06606430155320697,4
89,hist_gbrt,0.1266586676195666,0.06971696382385145,4
89,knn,0.2564833223648238,0.10062375893607214,4
89,lasso,0.0010494436573935673,0.00025812068600546703,4
89,rf,0.1736892512715766,0.08546308626446966,4
89,ridge,0.003014310961589217,0.0020517701378610304,4
90,elastic_net,0.36131156235933304,0.08678401915205369,4
90,extra_trees,0.5014682594903812,0.02643608788685706,4
90,gbrt,0.489515327491012,0.03737167447330921,4
90,hist_gbrt,0.45000414619762147,0.03216133956308842,4
90,knn,0.558595250112619,0.03769568607664461,4
90,lasso,0.3612993583083153,0.08667782248370368,4
90,rf,0.5344595000314644,0.025289681504960488,4
90,ridge,0.3610076904296875,0.08620304641047241,4
91,elastic_net,0.16508381627500057,0.09419103874937253,4
91,extra_trees,0.30149832311068187,0.07834124184544139,4
91,gbrt,0.2924998477361348,0.06685551692768106,4
91,hist_gbrt,0.3285209274801705,0.07130446558887187,4
91,knn,0.44329720203071965,0.09302590021162802,4
91,lasso,0.16499944124370813,0.09430099541374094,4
91,rf,0.3431480998474903,0.06731507186011615,4
91,ridge,0.16536784265190363,0.09483080860217269,4
92,elastic_net,0.43974218517541885,0.06874793194244347,4
92,extra_trees,0.468659006382673,0.06293017924091987,4
92,gbrt,0.4832068770514837,0.062145861600867894,4
92,hist_gbrt,0.5047614431484041,0.08013588610969145,4
92,knn,0.5966528696578229,0.07489680912034362,4
92,lasso,0.4395085871219635,0.06872488005376685,4
92,rf,0.4906365322084115,0.03935568036418718,4
92,ridge,0.43788477778434753,0.06823876397579723,4
93,elastic_net,0.04844465130008757,0.05548120215965671,4
93,extra_trees,0.38525617327047446,0.17852520732802735,4
93,gbrt,0.35300340113859635,0.18020345614601904,4
93,hist_gbrt,0.32749770575811205,0.16292220583712705,4
93,knn,0.42919668848736553,0.18954405688780818,4
93,lasso,0.04913846752606332,0.05598278970729252,4
93,rf,0.42495275388342213,0.17890133285786577,4
93,ridge,0.056347144301980734,0.0533285379285666,4
94,elastic_net,0.23321684449911118,0.20270128584585684,4
94,extra_trees,0.18132335851704895,0.13551241496897612,4
94,gbrt,0.19060935261192138,0.142173542627464,4
94,hist_gbrt,0.21841115517192153,0.14115539287697082,4
94,knn,0.2790087419156499,0.15967204252404305,4
94,lasso,0.23327636998146772,0.20269951420864846,4
94,rf,0.21033295780685757,0.14408426416135586,4
94,ridge,0.23320026509463787,0.2025361495338098,4
95,elastic_net,0.13916659727692604,0.05947760933917676,4
95,extra_trees,0.3513009263260371,0.10466048872715818,4
95,gbrt,0.2997554593604072,0.09203879123465802,4
95,hist_gbrt,0.28212421736243254,0.09514780306628608,4
95,knn,0.4262878228265124,0.09374549343489769,4
95,lasso,0.1394239366054535,0.05939680038553858,4
95,rf,0.3653562378527647,0.09742326710907562,4
95,ridge,0.13950613886117935,0.059621630380075764,4
96,elastic_net,0.13593627139925957,0.05341898946504811,4
96,extra_trees,0.3263979208791725,0.1073008504346871,4
96,gbrt,0.28062583442255334,0.10574701028591825,4
96,hist_gbrt,0.2674014525123761,0.08226849931176508,4
96,knn,0.3818842433319471,0.12171634816605159,4
96,lasso,0.13603748008608818,0.053286282104218104,4
96,rf,0.33815475984373033,0.10894907661654206,4
96,ridge,0.1362551525235176,0.053363185370190025,4
97,elastic_net,0.438675694167614,0.186056061296065,4
97,extra_trees,0.45701956380248254,0.14909433059234212,4
97,gbrt,0.4577722804730895,0.17060974946224514,4
97,hist_gbrt,0.4587991948382925,0.15747622176660137,4
97,knn,0.46987514901046656,0.140557614104797,4
97,lasso,0.4386989586055279,0.1858950961490057,4
97,rf,0.46942325060959045,0.1466095336564033,4
97,ridge,0.43854590877890587,0.18598109597275603,4
98,elastic_net,0.45598606765270233,0.13733616401366736,4
98,extra_trees,0.5795058211016042,0.18277959221118997,4
98,gbrt,0.586535521152131,0.17833695155601606,4
98,hist_gbrt,0.5636546419180706,0.16578277829709784,4
98,knn,0.6316511902045543,0.16347853088574918,4
98,lasso,0.4562228173017502,0.13753964747004274,4
98,rf,0.5941698764351929,0.16644458011538552,4
98,ridge,0.4561046436429024,0.13764985292627216,4
99,elastic_net,0.0011839008911920246,0.0009565046505825664,4
99,extra_trees,0.11389516378759569,0.03765196942744349,4
99,gbrt,0.1228817634744294,0.045813504205200146,4
99,hist_gbrt,0.122352981253047,0.040479138093346786,4
99,knn,0.22881631803902142,0.033041199996886934,4
99,lasso,0.0015920156947686337,0.000912079444239761,4
99,rf,0.13880022534794187,0.038839706290121324,4
99,ridge,0.001988921297197521,0.0013081155240795832,4
100,elastic_net,0.0007427930031553842,0.000471469579307012,4
100,extra_trees,0.18669285241611722,0.0792595901274629,4
100,gbrt,0.16190608453988292,0.07101836857139959,4
100,hist_gbrt,0.14535734227716524,0.06393996641795649,4
100,knn,0.2824662494987666,0.11400572278397042,4
100,lasso,0.001120471551985247,0.0008097508746609975,4
100,rf,0.2266497556933997,0.09928918105718855,4
100,ridge,0.002873331632144982,0.0023341450714162862,4
101,elastic_net,0.573877364397049,0.1433400569309177,4
101,extra_trees,0.6482146242036473,0.1646056236875151,4
101,gbrt,0.7201690447883536,0.1754238888728889,4
101,hist_gbrt,0.7624239881510082,0.22755394778487897,4
101,knn,0.7018729103153974,0.18721798604036524,4
101,lasso,0.5738802552223206,0.14315099758413793,4
101,rf,0.6570653177674082,0.15985786176751268,4
101,ridge,0.5734484568238258,0.1432711572975261,4
102,elastic_net,0.35899898037314415,0.07964050174664189,4
102,extra_trees,0.5303668861820223,0.08758235256862916,4
102,gbrt,0.48564508978620635,0.07363628164587803,4
102,hist_gbrt,0.46152517855997455,0.07371657255892053,4
102,knn,0.6049555307488287,0.07055075140295258,4
102,lasso,0.3589915409684181,0.07951055724629437,4
102,rf,0.5565648466248063,0.06524108110295868,4
102,ridge,0.3590432219207287,0.0795390672924431,4
103,elastic_net,0.000680713084875606,0.0003091676200211537,4
103,extra_trees,0.15266606000350752,0.07951963668009294,4
103,gbrt,0.1358852136694741,0.054768285460235454,4
103,hist_gbrt,0.13395260096572953,0.0586747285572249,4
103,knn,0.21915801080484265,0.08600329953628778,4
103,lasso,0.001106792566133663,0.00030206615218643026,4
103,rf,0.18530634344568406,0.08738074055404692,4
103,ridge,0.002048428897978738,0.0004016527109560411,4
104,elastic_net,0.09102947264909744,0.0775515376961289,4
104,extra_trees,0.11685809241878249,0.06183262290046833,4
104,gbrt,0.12032845456739932,0.06665202958295714,4
104,hist_gbrt,0.1216171633118181,0.0656861203939584,4
104,knn,0.19334626767880542,0.08062249542311314,4
104,lasso,0.0911373165436089,0.07742894538067797,4
104,rf,0.1591438742827233,0.09805356081879353,4
104,ridge,0.09002160304225981,0.07440012221291123,4
105,elastic_net,0.0453067640773952,0.04514193318033548,4
105,extra_trees,0.11354217686366772,0.030727330361552674,4
105,gbrt,0.1275431727436654,0.028466615564196416,4
105,hist_gbrt,0.16056526634352541,0.054975492089453244,4
105,knn,0.19182221506946498,0.029845392440462918,4
105,lasso,0.045957826310768723,0.04574210377148803,4
105,rf,0.14747789194382224,0.02507097824564791,4
105,ridge,0.05958715872839093,0.035305099040619854,4
106,elastic_net,0.2715283054858446,0.19070337047610575,4
106,extra_trees,0.32298053088435197,0.2058138338982305,4
106,gbrt,0.3020139243215305,0.2159953210640416,4
106,hist_gbrt,0.28222435763323117,0.19360816281523857,4
106,knn,0.31893052493994756,0.16279943347591525,4
106,lasso,0.2712706942111254,0.19028867551922263,4
106,rf,0.346235942228029,0.19782339857598047,4
106,ridge,0.2717295028269291,0.19096082298896572,4
107,elastic_net,0.038697681622579694,0.04840941781672118,4
107,extra_trees,0.09143130627895653,0.05092075930775876,4
107,gbrt,0.08771434866117192,0.041581326957463347,4
107,hist_gbrt,0.0866737705686071,0.04593940646378891,4
107,knn,0.1334640848361042,0.08423374057287752,4
107,lasso,0.0384871237911284,0.04843803538885195,4
107,rf,0.11797331917297416,0.051121988127973104,4
107,ridge,0.04265869106166065,0.048711527690983365,4
108,elastic_net,0.21411587670445442,0.044773704558997526,4
108,extra_trees,0.4176497088866095,0.07515932840869033,4
108,gbrt,0.3784603417325677,0.057758571291611,4
108,hist_gbrt,0.35977893019909113,0.05805863257637114,4
108,knn,0.5088230386631709,0.0648235817803767,4
108,lasso,0.2139439433813095,0.0450929915168276,4
108,rf,0.4611119215415006,0.07282937931142734,4
108,ridge,0.21382560953497887,0.045069510931166026,4
109,elastic_net,0.0004509240279730875,0.0007112747809502966,4
109,extra_trees,0.02450184449757596,0.003980288129853377,4
109,gbrt,0.025294117079675715,0.008313198138890962,4
109,hist_gbrt,0.04344726365053165,0.015926617832750824,4
109,knn,0.08091180343554441,0.036018591435030674,4
109,lasso,0.0005656197972712107,0.0008612184210453357,4
109,rf,0.038251369437919576,0.011355980608706642,4
109,ridge,0.0011968653489020653,0.0018083791462375264,4
110,elastic_net,0.08558155689388514,0.06143016597100675,4
110,extra_trees,0.27202866081787413,0.07115518843970996,4
110,gbrt,0.25145919528307376,0.053133816106437214,4
110,hist_gbrt,0.23894592426671007,0.0662500322996025,4
110,knn,0.37250570780541425,0.12697232897072155,4
110,lasso,0.08523428440093994,0.06200545050314967,4
110,rf,0.2744061351159439,0.05981040729871753,4
110,ridge,0.09262990113347769,0.05312529801761175,4
111,elastic_net,0.30008433386683464,0.12385341781973226,4
111,extra_trees,0.26519958753141953,0.19096455036257956,4
111,gbrt,0.30416378676161104,0.19347650466778946,4
111,hist_gbrt,0.2992740988569038,0.1992600240939139,4
111,knn,0.354739138250443,0.1667759498851251,4
111,lasso,0.3000243492424488,0.1239725931772225,4
111,rf,0.33026052670974826,0.20842829425277895,4
111,ridge,0.29987964034080505,0.12418421211582789,4
112,elastic_net,0.00980374141363427,0.011066247147724946,4
112,extra_trees,0.2604625072881153,0.08171351472439821,4
112,gbrt,0.21919132174532224,0.07446911434455163,4
112,hist_gbrt,0.20592077005758072,0.07477606918447213,4
112,knn,0.3248507804489206,0.09476425320184839,4
112,lasso,0.009820854873396456,0.01080275563855314,4
112,rf,0.2759706433865259,0.08439258341337438,4
112,ridge,0.01317918871063739,0.012407924592238849,4
113,elastic_net,0.20607207249850035,0.1305546003124611,4
113,extra_trees,0.23971650627232483,0.11096241126006709,4
113,gbrt,0.24937631819347722,0.13285309796208172,4
113,hist_gbrt,0.25360974824117655,0.12811434322318047,4
113,knn,0.345766391584898,0.14473019653775215,4
113,lasso,0.20593170914798975,0.1303420316497018,4
113,rf,0.2574013963797516,0.11522790863475124,4
113,ridge,0.20498376432806253,0.13212307185732317,4
114,elastic_net,0.9277622550725937,0.08071565034451908,4
114,extra_trees,0.8175660644192354,0.14911051909101317,4
114,gbrt,0.9258427595606246,0.17003922523960144,4
114,hist_gbrt,0.901218334246882,0.16252139766347065,4
114,knn,0.8663033981130572,0.0365250064393865,4
114,lasso,0.9271215349435806,0.0804973382559706,4
114,rf,0.8676635977936991,0.13563105977600182,4
114,ridge,0.9264113456010818,0.0794545002645456,4
115,elastic_net,0.4916132390499115,0.19563619959857745,4
115,extra_trees,0.49839681385913315,0.0658349286589034,4
115,gbrt,0.5174661254835855,0.15643118103418682,4
115,hist_gbrt,0.5551691666512916,0.1371961622261882,4
115,knn,0.5439576064143226,0.0925610868480298,4
115,lasso,0.4911208674311638,0.1952568470767282,4
115,rf,0.5408602480740686,0.10921785246353598,4
115,ridge,0.4888470321893692,0.1943836488780299,4
116,elastic_net,0.3814803473651409,0.16548126983250253,4
116,extra_trees,0.4748804127165387,0.16642228013900434,4
116,gbrt,0.49511132964527343,0.17493705974809837,4
116,hist_gbrt,0.4898503350964297,0.16063410180899237,4
116,knn,0.5355959691954443,0.18281850587561427,4
116,lasso,0.3813915364444256,0.16535670205961395,4
116,rf,0.4863771452256496,0.17395457578789836,4
116,ridge,0.3809489384293556,0.16489016575361662,4
117,elastic_net,0.004549410688923672,0.005066296594636573,4
117,extra_trees,0.1623052242035537,0.10791864641840479,4
117,gbrt,0.1340246647114467,0.0833420913923455,4
117,hist_gbrt,0.12804192280132135,0.07277070846306653,4
117,knn,0.2472286938292862,0.1090481060655181,4
117,lasso,0.005045526719186455,0.0044494599722779546,4
117,rf,0.19265345569806686,0.12574306167069094,4
117,ridge,0.0080547264078632,0.009139102221992264,4
118,elastic_net,0.4418054446578026,0.17381803062540682,4
118,extra_trees,0.47191672194391576,0.11976024617405831,4
118,gbrt,0.4965048735806923,0.14089457937803812,4
118,hist_gbrt,0.5062522977445137,0.08443684765711919,4
118,knn,0.5834753033143311,0.06296092285247512,4
118,lasso,0.4420152008533478,0.17389772099356737,4
118,rf,0.5029740797598002,0.1063628628408857,4
118,ridge,0.442009836435318,0.17344702634818807,4
119,elastic_net,0.03108271397650242,0.009284475151269964,4
119,extra_trees,0.12741206932919116,0.04203767882052826,4
119,gbrt,0.11753319132864053,0.034855289717213765,4
119,hist_gbrt,0.10494222621007407,0.02713178392608417,4
119,knn,0.18138291255899303,0.05839558792576446,4
119,lasso,0.031473851297050714,0.00936518358687146,4
119,rf,0.15260431481728606,0.041142895713188306,4
119,ridge,0.03101980034261942,0.009177976467596273,4
120,elastic_net,0.0868785735219717,0.0626853868858479,4
120,extra_trees,0.3006788721890265,0.1578691614861643,4
120,gbrt,0.2659108613428244,0.1570946351471965,4
120,hist_gbrt,0.2410156261135044,0.1191189000589583,4
120,knn,0.44937390624078066,0.0959173190901813,4
120,lasso,0.0870700147934258,0.06309447868608949,4
120,rf,0.35349772196371865,0.18290217227038025,4
120,ridge,0.08567980118095875,0.05976164192383293,4
121,elastic_net,0.2581617161631584,0.07375003126305707,4
121,extra_trees,0.38670913261160333,0.06919722922031321,4
121,gbrt,0.38383299774726587,0.09942781381759286,4
121,hist_gbrt,0.34661252273625903,0.08782644135558272,4
121,knn,0.43631791560086153,0.10998695425400729,4
121,lasso,0.25826549157500267,0.07380480491883476,4
121,rf,0.43763211686579656,0.10300222464075748,4
121,ridge,0.258124265819788,0.07392885168348723,4
122,elastic_net,0.6840656250715256,0.1447289886997812,4
122,extra_trees,0.5568241175268076,0.037312752461711826,4
122,gbrt,0.5584925017029878,0.05175631883359051,4
122,hist_gbrt,0.5498758042999973,0.07319671969701907,4
122,knn,0.6317203800191411,0.07012004006991424,4
122,lasso,0.6838985234498978,0.14453559155246234,4
122,rf,0.5900565241365885,0.03630622627194565,4
122,ridge,0.6840343624353409,0.1446784128588724,4
123,elastic_net,0.6143911778926849,0.2055819187800415,4
123,extra_trees,0.6065285234583111,0.20443507454596405,4
123,gbrt,0.6492190277447935,0.22195223252839563,4
123,hist_gbrt,0.6599095949407063,0.2113435063824748,4
123,knn,0.6453426606061978,0.1935925052036494,4
123,lasso,0.6140800267457962,0.20542866072541055,4
123,rf,0.6312479020852534,0.19577161212334418,4
123,ridge,0.6141160875558853,0.20572786763352616,4
124,elastic_net,0.002737133952905424,0.004114357396738011,4
124,extra_trees,0.17158671503960135,0.051906053877948735,4
124,gbrt,0.1433692477909661,0.04215888858660586,4
124,hist_gbrt,0.14859442174198598,0.058083220155897335,4
124,knn,0.2433282904602481,0.08118876300610581,4
124,lasso,0.003162020744639449,0.004503487429984649,4
124,rf,0.20242603225582823,0.06917987521393718,4
124,ridge,0.006476394511992112,0.006979976097918208,4
125,elastic_net,0.7881321161985397,0.17720013189932413,4
125,extra_trees,0.8330025040271594,0.1079213912255207,4
125,gbrt,0.9288787670935728,0.09782798310192033,4
125,hist_gbrt,0.9148392860079033,0.05504115863920472,4
125,knn,0.8466301288873576,0.14679284854584557,4
125,lasso,0.7879090309143066,0.17750062076942494,4
125,rf,0.8501315004388167,0.11662687642382583,4
125,ridge,0.7875727415084839,0.17715315575999543,4
126,elastic_net,0.08166394685395062,0.10914695000168853,4
126,extra_trees,0.062926163640764,0.03830130007821436,4
126,gbrt,0.06993819845192262,0.040680963856988724,4
126,hist_gbrt,0.08920003791670744,0.027656591433957697,4
126,knn,0.16195461304583453,0.052365969233887845,4
126,lasso,0.08142450312152505,0.10866290930124843,4
126,rf,0.0848198209699579,0.036919113545006065,4
126,ridge,0.08157832478173077,0.10717914560233106,4
127,elastic_net,0.0382360708899796,0.02395348514099654,4
127,extra_trees,0.15279183653893838,0.06528266900929713,4
127,gbrt,0.12377479399416946,0.040924684722616206,4
127,hist_gbrt,0.11523418381062661,0.04074084640390492,4
127,knn,0.20361838955306139,0.054500589430817495,4
127,lasso,0.038650921545922756,0.024112505357832048,4
127,rf,0.1798441019174511,0.05598763071386007,4
127,ridge,0.03873587679117918,0.024575390877814827,4
128,elastic_net,0.17495026998221874,0.08801202246710721,4
128,extra_trees,0.19652808903883492,0.045762247145667186,4
128,gbrt,0.19936578599509402,0.057340441534888674,4
128,hist_gbrt,0.19388581679725184,0.043956397523583136,4
128,knn,0.25625640093951135,0.023859373381357945,4
128,lasso,0.1749805435538292,0.08806138950088853,4
128,rf,0.209911261843798,0.0409428226682545,4
128,ridge,0.17451846785843372,0.0879941044382883,4
129,elastic_net,0.32766135036945343,0.007841362677561574,4
129,extra_trees,0.2933477982897616,0.03379227346334598,4
129,gbrt,0.31818205924561366,0.030227787560339274,4
129,hist_gbrt,0.31826162781007306,0.050917863577401364,4
129,knn,0.3537329599827874,0.06578056540524649,4
129,lasso,0.3276659846305847,0.0076324904582685356,4
129,rf,0.33812718948218873,0.04299504971089826,4
129,ridge,0.3278737813234329,0.008179632761597324,4
130,elastic_net,0.031114618002902716,0.03769748955197956,4
130,extra_trees,0.16571213872291507,0.08382221072705562,4
130,gbrt,0.16805979083463474,0.09537890624658228,4
130,hist_gbrt,0.19616331164474687,0.06531739533014456,4
130,knn,0.2792373160604331,0.09525156215175716,4
130,lasso,0.03147338959388435,0.038289406696629134,4
130,rf,0.21180313990487903,0.10168238956361915,4
130,ridge,0.039781393366865814,0.03902183813417465,4
131,elastic_net,0.21888465993106365,0.08324795735422993,4
131,extra_trees,0.1903620963978174,0.047443028662166556,4
131,gbrt,0.1700197470289313,0.04548181284067654,4
131,hist_gbrt,0.14730452575412475,0.03589126519758712,4
131,knn,0.26794717929106016,0.039536295605816466,4
131,lasso,0.21876996383070946,0.0831765963023494,4
131,rf,0.22722528669866496,0.04578120409450948,4
131,ridge,0.21886256337165833,0.08323024626368855,4
132,elastic_net,0.8170681595802307,0.14750901729388494,4
132,extra_trees,0.8737978364832827,0.10215520496575836,4
132,gbrt,0.9233913503900266,0.10492690585591176,4
132,hist_gbrt,0.936868569520571,0.12339142024891141,4
132,knn,0.9525014302702165,0.09473866007415718,4
132,lasso,0.8168404251337051,0.14742159944827224,4
132,rf,0.8826001795236323,0.1037907947261229,4
132,ridge,0.817040890455246,0.14756633270694064,4
133,elastic_net,0.3735211752355099,0.1136634828348541,4
133,extra_trees,0.44951694906417505,0.11536764614288565,4
133,gbrt,0.4544111196537781,0.1246389569190635,4
133,hist_gbrt,0.47045968368229807,0.13881597749949723,4
133,knn,0.49277013402978376,0.1386382252904477,4
133,lasso,0.3733346685767174,0.11369927880382964,4
133,rf,0.45925661564905423,0.1164945071517645,4
133,ridge,0.3733340986073017,0.11358827716170411,4
134,elastic_net,0.013843492837622762,0.014561017418778454,4
134,extra_trees,0.10408794009155675,0.1129603009416322,4
134,gbrt,0.11612671626417143,0.11985793418806265,4
134,hist_gbrt,0.1252854067805416,0.1165695216237252,4
134,knn,0.16836304786104597,0.14445349176786768,4
134,lasso,0.013489525183103979,0.013664237623186814,4
134,rf,0.15708434201974747,0.1762423700285223,4
134,ridge,0.02014261786825955,0.021732789230013976,4
135,elastic_net,0.10745848342776299,0.024657002993504706,4
135,extra_trees,0.37284296617625196,0.04390996148749759,4
135,gbrt,0.30576181513842077,0.0338476807187412,4
135,hist_gbrt,0.2835412381716014,0.022306849043077507,4
135,knn,0.48416346283759343,0.11946224671197658,4
135,lasso,0.10742858611047268,0.024628277466275366,4
135,rf,0.3958364115177876,0.050104073606274495,4
135,ridge,0.10746028460562229,0.02449098603350365,4
136,elastic_net,0.5967238619923592,0.14543909123798388,4
136,extra_trees,0.6034180558903297,0.11370821284027684,4
136,gbrt,0.6025940681984455,0.1063922090984806,4
136,hist_gbrt,0.6608399514135088,0.10830094629688744,4
136,knn,0.6428016525684098,0.11507976985339252,4
136,lasso,0.5965713113546371,0.14544207133847153,4
136,rf,0.6242113726765398,0.10922088484726916,4
136,ridge,0.5965570509433746,0.1456762091152039,4
137,elastic_net,0.09059152659028769,0.07901679370223641,4
137,extra_trees,0.24032045630968865,0.07254516064575743,4
137,gbrt,0.24154684533152293,0.06856030717024195,4
137,hist_gbrt,0.2526969976380767,0.07827749243587427,4
137,knn,0.34726801097819093,0.11551742880359862,4
137,lasso,0.09060267452150583,0.07835386554842558,4
137,rf,0.28042911420355876,0.06371038770159776,4
137,ridge,0.1044085759203881,0.09827973120754384,4
138,elastic_net,0.3853462412953377,0.0364519728168135,4
138,extra_trees,0.4701460612916486,0.09461958634381763,4
138,gbrt,0.44267370720678684,0.054017939061647986,4
138,hist_gbrt,0.4520190731474556,0.05419132777791913,4
138,knn,0.5817053539273627,0.11494985101083405,4
138,lasso,0.3849754109978676,0.03622643074296621,4
138,rf,0.4991047560580661,0.10265601612220342,4
138,ridge,0.38551560044288635,0.03634005382477675,4
139,elastic_net,0.0994055513292551,0.023584022255783415,4
139,extra_trees,0.307876563518695,0.0623632636285814,4
139,gbrt,0.2839751617675407,0.07583885742886684,4
139,hist_gbrt,0.2648886933713646,0.06745726392970472,4
139,knn,0.38685838739768474,0.07457141234879179,4
139,lasso,0.09950813464820385,0.02367601834398938,4
139,rf,0.3392659609710886,0.07157391736813831,4
139,ridge,0.10168378427624702,0.021577530681709096,4
140,elastic_net,0.4113376811146736,0.16229504650376747,4
140,extra_trees,0.543624815069809,0.19138011700394242,4
140,gbrt,0.5244423597623451,0.1782994116470356,4
140,hist_gbrt,0.500391330042884,0.14508807392568007,4
140,knn,0.6364400133232733,0.15326490487274386,4
140,lasso,0.41056177765130997,0.16176246167145847,4
140,rf,0.5659473616527536,0.17326383064412312,4
140,ridge,0.4112228974699974,0.1623864174955854,4
141,elastic_net,0.631322056055069,0.08997231595482305,4
141,extra_trees,0.4747490284836646,0.07485366820481229,4
141,gbrt,0.5210000251755802,0.11844329403157988,4
141,hist_gbrt,0.5314254538570944,0.0599504159526549,4
141,knn,0.5522893707105416,0.08798293136159893,4
141,lasso,0.6312213838100433,0.08995460727329858,4
141,rf,0.5098057696621348,0.06344071309132088,4
141,ridge,0.6314472109079361,0.0900074954125474,4
142,elastic_net,0.19556328281760216,0.08174024717986153,4
142,extra_trees,0.46107921388859074,0.06597019035952432,4
142,gbrt,0.40987372910866476,0.09620121996003518,4
142,hist_gbrt,0.36570870368897085,0.08816149230524993,4
142,knn,0.5740010332601975,0.046864525382130456,4
142,lasso,0.19540393725037575,0.08128545433634964,4
142,rf,0.47739792119772706,0.07927489747342108,4
142,ridge,0.19532688707113266,0.0810302490666265,4
143,elastic_net,0.4626609981060028,0.0822663218672663,4
143,extra_trees,0.5597395241037231,0.029565248555195964,4
143,gbrt,0.5909619627437257,0.08023586990935767,4
143,hist_gbrt,0.6111312983820009,0.04838095076499225,4
143,knn,0.6157055207759303,0.043500539527013375,4
143,lasso,0.4620823264122009,0.08177953310422703,4
143,rf,0.561710951406936,0.0476868060774945,4
143,ridge,0.4586697369813919,0.07638555684236299,4
144,elastic_net,0.03212705347687006,0.02932822120227176,4
144,extra_trees,0.12649051400942998,0.09748835023658013,4
144,gbrt,0.13710156497006434,0.10449185100936509,4
144,hist_gbrt,0.1509993840709317,0.10574066545853433,4
144,knn,0.174104142646534,0.10695142748681433,4
144,lasso,0.030767880147323012,0.026524084038497885,4
144,rf,0.14752549113443855,0.0997240520039988,4
144,ridge,0.03663581144064665,0.03618044100677229,4
145,elastic_net,0.14073638059198856,0.06440032860125991,4
145,extra_trees,0.196212129313789,0.13749426516273594,4
145,gbrt,0.19163689544525964,0.11244712522105078,4
145,hist_gbrt,0.190418395998114,0.09619017728083491,4
145,knn,0.2543713941225779,0.1604260238979829,4
145,lasso,0.14086954295635223,0.06496918403808342,4
145,rf,0.21498568892027958,0.11797981499843785,4
145,ridge,0.14088964834809303,0.06634086518450023,4
146,elastic_net,0.7534627467393875,0.07528071248635916,4
146,extra_trees,0.7652504811642141,0.1276254359059753,4
146,gbrt,0.8318828689823495,0.1597410061923873,4
146,hist_gbrt,0.867510736082713,0.09999027854601933,4
146,knn,0.8145846964253151,0.14764976404608848,4
146,lasso,0.7531287968158722,0.07550859754119289,4
146,rf,0.7927514852153938,0.1598003190955816,4
146,ridge,0.7523932158946991,0.07674327394443853,4
147,elastic_net,0.2958213873207569,0.06666741031136392,4
147,extra_trees,0.35906067431474653,0.07957840487005478,4
147,gbrt,0.34943308412813706,0.08728552060313435,4
147,hist_gbrt,0.3455526403889473,0.11306833253018934,4
147,knn,0.4562420996738704,0.06712775316807812,4
147,lasso,0.295276015996933,0.066887446362388,4
147,rf,0.3820587444848751,0.07574411941275119,4
147,ridge,0.29340194910764694,0.06602597778740066,4
148,elastic_net,0.26797691360116005,0.07532519762736915,4
148,extra_trees,0.26923719091521187,0.04516127875332931,4
148,gbrt,0.24610416297079013,0.05698411201415776,4
148,hist_gbrt,0.21119636123938365,0.029525230353177008,4
148,knn,0.34055765051686393,0.04335364802856979,4
148,lasso,0.2679991275072098,0.07522931523761586,4
148,rf,0.3251871138685324,0.045223637766676754,4
148,ridge,0.2678679749369621,0.07525436058704071,4
149,elastic_net,0.001566040336911101,0.0013772331840207054,4
149,extra_trees,0.09306371548115176,0.03312080205515796,4
149,gbrt,0.0747755738503345,0.028342977985752763,4
149,hist_gbrt,0.07787780459797314,0.021531379232737867,4
149,knn,0.18272817526725946,0.05489263612735947,4
149,lasso,0.0021008154217270203,0.001771532527383894,4
149,rf,0.10783233568151726,0.028942293944826045,4
149,ridge,0.0018821159901563078,0.0013933907912977797,4
150,elastic_net,0.02791010623332113,0.02196562644912849,4
150,extra_trees,0.07586048571936832,0.0397733633571308,4
150,gbrt,0.10837713075856732,0.06724552022854717,4
150,hist_gbrt,0.1210502529594911,0.06048084027857497,4
150,knn,0.14614957307493942,0.020424765107685393,4
150,lasso,0.027796580572612584,0.021943090928328614,4
150,rf,0.13311802167546258,0.08376853574917112,4
150,ridge,0.028730680234730244,0.02331070195684788,4
151,elastic_net,0.46254347264766693,0.14680253661443743,4
151,extra_trees,0.44040309450188453,0.11967911494233144,4
151,gbrt,0.42564242198596103,0.09605374481388916,4
151,hist_gbrt,0.43841918216582276,0.07149814751368294,4
151,knn,0.5035457536580714,0.16732699544825902,4
151,lasso,0.46249090135097504,0.14656896752571213,4
151,rf,0.4456886529757485,0.11804855357948756,4
151,ridge,0.46066056191921234,0.14373709884849203,4
152,elastic_net,0.25279636215418577,0.13322262643761368,4
152,extra_trees,0.39106038173485363,0.2339348121833243,4
152,gbrt,0.3740103225711243,0.22749244392772558,4
152,hist_gbrt,0.4029754248059682,0.15365451426747176,4
152,knn,0.5051569821341848,0.2145516740860718,4
152,lasso,0.2521715508773923,0.13236293979886007,4
152,rf,0.4174768156291857,0.21204337518956998,4
152,ridge,0.2594383070245385,0.13686184748256694,4
153,elastic_net,0.006709210167173296,0.005974234832428519,4
153,extra_trees,0.21529253604166249,0.06636813682651467,4
153,gbrt,0.19895148172526803,0.05185912233396294,4
153,hist_gbrt,0.18427981241915797,0.03568038035830583,4
153,knn,0.33008424810741044,0.07466641382429166,4
153,lasso,0.007735517050605267,0.007087266553178733,4
153,rf,0.24886148695466923,0.06924780218428309,4
153,ridge,0.023401880636811256,0.02018756644109138,4
154,elastic_net,0.581325888633728,0.254517616777662,4
154,extra_trees,0.5428002960061278,0.21746568594683274,4
154,gbrt,0.5953966957260123,0.2928515994563626,4
154,hist_gbrt,0.5373394091506332,0.20670929718033992,4
154,knn,0.6447975397586754,0.15515024725235582,4
154,lasso,0.5812643840909004,0.2543195570073425,4
154,rf,0.6046626562985165,0.288213570887894,4
154,ridge,0.5811515673995018,0.25389746005157976,4
155,elastic_net,0.02577312954235822,0.014682072722994693,4
155,extra_trees,0.14100588339736692,0.06669981967686966,4
155,gbrt,0.14099301057280175,0.06376508480974621,4
155,hist_gbrt,0.16747766229683017,0.06151892162161981,4
155,knn,0.23287472336665424,0.10868400079793747,4
155,lasso,0.025837558787316084,0.014326156058232432,4
155,rf,0.1777360504401389,0.08882997708472647,4
155,ridge,0.03461841307580471,0.02046722667516151,4
156,elastic_net,0.08166520856320858,0.05826308856963669,4
156,extra_trees,0.3111825608625658,0.08234051327036353,4
156,gbrt,0.21267571552230832,0.0661466202182801,4
156,hist_gbrt,0.19205730496994664,0.059481097331048546,4
156,knn,0.4277253418889035,0.04528651526030818,4
156,lasso,0.08168276539072394,0.05812575415922635,4
156,rf,0.3363421055955146,0.0909191051511601,4
156,ridge,0.08168920455500484,0.05833155518425619,4
157,elastic_net,0.3574707955121994,0.11055425123582045,4
157,extra_trees,0.5071515485597542,0.17569192259428595,4
157,gbrt,0.4809380235553586,0.17610414781149775,4
157,hist_gbrt,0.4643297294646577,0.14976662027653254,4
157,knn,0.5831259589233055,0.1690487633043625,4
157,lasso,0.35747335851192474,0.11077420235346708,4
157,rf,0.5234606985773389,0.14972936179565738,4
157,ridge,0.35727863758802414,0.11038681581537405,4
158,elastic_net,0.5490973368287086,0.11831846712724362,4
158,extra_trees,0.6090651831240281,0.10794828184867086,4
158,gbrt,0.6476354322102607,0.13383687288611584,4
158,hist_gbrt,0.6013139780397011,0.07925657639682036,4
158,knn,0.6105897105045638,0.14126251345985694,4
158,lasso,0.548788458108902,0.1178275819114928,4
158,rf,0.642801254400892,0.09438372607582582,4
158,ridge,0.5491717904806137,0.11748476742813506,4
159,elastic_net,0.2768296953290701,0.17790852355433687,4
159,extra_trees,0.37604086356766164,0.10045094632958049,4
159,gbrt,0.3648645171465472,0.0967124797654728,4
159,hist_gbrt,0.34154531314160286,0.1002820050556963,4
159,knn,0.4674114980491239,0.09372869199933176,4
159,lasso,0.276940256357193,0.17789371304169238,4
159,rf,0.40601574420242187,0.12209248405775858,4
159,ridge,0.27695976942777634,0.1780110536493692,4
160,elastic_net,0.14927233173511922,0.1761932656599546,4
160,extra_trees,0.28792573657596043,0.09494892432566808,4
160,gbrt,0.2790747526403361,0.08345956082947296,4
160,hist_gbrt,0.2552394911189003,0.08130263283632175,4
160,knn,0.3789648360936758,0.12667286918206183,4
160,lasso,0.14927990990690887,0.17590327558331054,4
160,rf,0.3293150403732558,0.10491163576418816,4
160,ridge,0.15048930747434497,0.17597901417469258,4
161,elastic_net,0.02043902943842113,0.012687723214741825,4
161,extra_trees,0.10339188339087581,0.10065128335885355,4
161,gbrt,0.0948064499577787,0.08938676017777263,4
161,hist_gbrt,0.12086028600698705,0.11951970992551726,4
161,knn,0.19147309792796757,0.14378761258854442,4
161,lasso,0.02055027591995895,0.012610561318461696,4
161,rf,0.1342447373246943,0.12034817202616097,4
161,ridge,0.026118619833141565,0.01647228096102052,4
162,elastic_net,0.004034485493320972,0.004897373749339434,4
162,extra_trees,0.16317654695512224,0.0955072500283175,4
162,gbrt,0.12708643538069583,0.058937170283318505,4
162,hist_gbrt,0.12079509765424709,0.057504345132367865,4
162,knn,0.24694989866910932,0.13356005917156727,4
162,lasso,0.004766190075315535,0.0048610642524145285,4
162,rf,0.18312990002918356,0.0964096936676329,4
162,ridge,0.005755264952313155,0.005314686699555348,4
163,elastic_net,0.25335113517940044,0.16414730313721995,4
163,extra_trees,0.4241478670383124,0.11993676645575573,4
163,gbrt,0.44917314058393176,0.14342730694334618,4
163,hist_gbrt,0.42843853896517575,0.09149874942839152,4
163,knn,0.5297347748098375,0.1398553262365333,4
163,lasso,0.2527193948626518,0.16279667549751525,4
163,rf,0.43198821037884627,0.12611710883823965,4
163,ridge,0.24964925460517406,0.15774805938955264,4
164,elastic_net,0.402009554207325,0.13722383719200948,4
164,extra_trees,0.5990655686922423,0.13003804284879325,4
164,gbrt,0.6308926241865156,0.18373771640582442,4
164,hist_gbrt,0.5999397896837223,0.1626996525037732,4
164,knn,0.724640313539082,0.1158563479485413,4
164,lasso,0.4014435261487961,0.13761441103236935,4
164,rf,0.6325148361225574,0.16008245199707977,4
164,ridge,0.40087470412254333,0.13932286503011948,4
165,elastic_net,0.31214936077594757,0.11965179455629267,4
165,extra_trees,0.43095962556215395,0.07716810484633516,4
165,gbrt,0.45226047891499005,0.12278466550782713,4
165,hist_gbrt,0.41876636576213805,0.13333218792046353,4
165,knn,0.5696599242100884,0.05675178670100507,4
165,lasso,0.3121270686388016,0.11984309882386772,4
165,rf,0.4603943117007081,0.06468835146576969,4
165,ridge,0.31146829947829247,0.11980320516719813,4
166,elastic_net,0.28580326586961746,0.07086533002163915,4
166,extra_trees,0.37797817221727914,0.1247515933356363,4
166,gbrt,0.3886609948656086,0.13413349953137074,4
166,hist_gbrt,0.3662481615820369,0.1240749235452354,4
166,knn,0.3940065712047303,0.1356532100434157,4
166,lasso,0.2857326753437519,0.07083542243619907,4
166,rf,0.411399719468745,0.12256767478588382,4
166,ridge,0.2860677242279053,0.07011622362107582,4
167,elastic_net,0.4084054231643677,0.20423374097425923,4
167,extra_trees,0.5549202525486508,0.1588116160239539,4
167,gbrt,0.5319130466114882,0.16592830112979007,4
167,hist_gbrt,0.5151384857871113,0.15371505572964997,4
167,knn,0.5949192416565138,0.11686815765027128,4
167,lasso,0.4084972217679024,0.20391829865481642,4
167,rf,0.5686365632414443,0.14874144663928662,4
167,ridge,0.4082460403442383,0.20329348479969728,4
168,elastic_net,0.0411101384088397,0.026557251972489405,4
168,extra_trees,0.2517918838110292,0.20151169736759217,4
168,gbrt,0.21249937810143543,0.16959261114355542,4
168,hist_gbrt,0.2356207360033481,0.17022421017939365,4
168,knn,0.36856027327152285,0.249551107785385,4
168,lasso,0.04189310735091567,0.02613540814461136,4
168,rf,0.2680955246703446,0.20088795114830202,4
168,ridge,0.0477814101614058,0.029994171915146906,4
169,elastic_net,0.21999206766486168,0.07107141392307528,4
169,extra_trees,0.3806540506243924,0.15793408450577062,4
169,gbrt,0.3690536356750496,0.17020741085357508,4
169,hist_gbrt,0.3519409753773054,0.12127961196062546,4
169,knn,0.45615763726368086,0.18690424258489605,4
169,lasso,0.21967703849077225,0.07122886510458018,4
169,rf,0.4406065716742968,0.18129833105198273,4
169,ridge,0.21935005113482475,0.07150877071204932,4
170,elastic_net,0.0008173971073119901,0.0005792686437006336,4
170,extra_trees,0.04752960869302983,0.024447576648170963,4
170,gbrt,0.052243504523610554,0.0415876126263361,4
170,hist_gbrt,0.05600140162059998,0.03395617732317143,4
170,knn,0.08318493471192448,0.033102517797167726,4
170,lasso,0.0010438791650813073,0.0007063931398096429,4
170,rf,0.06872883732520532,0.03531517094377508,4
170,ridge,0.0018723658140515909,0.0016460943425653804,4
171,elastic_net,0.003129693999653682,0.002275050218151258,4
171,extra_trees,0.24485969153758372,0.12392689333868478,4
171,gbrt,0.23282428165973867,0.11864890221035086,4
171,hist_gbrt,0.2212632091554215,0.08578949259713105,4
171,knn,0.3434180055286036,0.14759797851678932,4
171,lasso,0.0036179153248667717,0.002416453497408364,4
171,rf,0.2748285265190228,0.12362398469341232,4
171,ridge,0.012230275489855558,0.013404931006437807,4
172,elastic_net,0.5081785097718239,0.0656980952488517,4
172,extra_trees,0.6497871710854675,0.0877507541687659,4
172,gbrt,0.7514194302038751,0.07684924538884391,4
172,hist_gbrt,0.7067121592813159,0.11991652723370029,4
172,knn,0.6871567092029395,0.12936600733982673,4
172,lasso,0.5077448040246964,0.065655561233153,4
172,rf,0.6661179652878692,0.09400378732280111,4
172,ridge,0.5073742270469666,0.06486644665773161,4
173,elastic_net,0.11078255297616124,0.0916820721176,4
173,extra_trees,0.15508537130259864,0.07274655699101329,4
173,gbrt,0.15752151752186255,0.06691898463893095,4
173,hist_gbrt,0.14877217403253756,0.04268880478601432,4
173,knn,0.30275885029424676,0.09069138146509592,4
173,lasso,0.11092801345512271,0.09147144323893092,4
173,rf,0.18592201748771794,0.0753520498306851,4
173,ridge,0.11226799385622144,0.09265823033270121,4
174,elastic_net,0.1726097259670496,0.06696584746641857,4
174,extra_trees,0.3320306475535838,0.07259916791910857,4
174,gbrt,0.3433101923201663,0.09412246554037171,4
174,hist_gbrt,0.3440007371658387,0.12640240322199175,4
174,knn,0.4213918816795813,0.08083308366639487,4
174,lasso,0.17270589247345924,0.06697044501202493,4
174,rf,0.38293266173400575,0.09050106843571407,4
174,ridge,0.17497990280389786,0.06884390677651842,4
175,elastic_net,0.05608325154753402,0.09689679705100537,4
175,extra_trees,0.12238559840029696,0.13973243654337453,4
175,gbrt,0.11891710422020081,0.13160865631703433,4
175,hist_gbrt,0.15795977857956156,0.16564370379719287,4
175,knn,0.17489643219221102,0.15886957383163303,4
175,lasso,0.05588551453547552,0.09659002322342962,4
175,rf,0.15832048027837153,0.16999024730377063,4
175,ridge,0.05897689238190651,0.09595576780576819,4
176,elastic_net,0.32110050320625305,0.1542495868167535,4
176,extra_trees,0.3803166944559826,0.1583052066504686,4
176,gbrt,0.39453777037554805,0.14327316947011548,4
176,hist_gbrt,0.3902887492862628,0.22107644151455805,4
176,knn,0.45123921782630316,0.13331790540786112,4
176,lasso,0.3201550133526325,0.1538331932484761,4
176,rf,0.4120760542141547,0.16278968570789493,4
176,ridge,0.3133601061999798,0.147431847777401,4
177,elastic_net,0.4198301285505295,0.16852847625814762,4
177,extra_trees,0.4086984441431681,0.09732766602264002,4
177,gbrt,0.40988578555944966,0.09043690387563574,4
177,hist_gbrt,0.35731086828175773,0.11876049695758238,4
177,knn,0.4441295783730749,0.07331855886158098,4
177,lasso,0.4199433922767639,0.16847329122341814,4
177,rf,0.46658589347418117,0.0998481698062716,4
177,ridge,0.41957414895296097,0.16870741160637473,4
178,elastic_net,0.01537803327664733,0.007058819629001832,4
178,extra_trees,0.23964054398314003,0.07939049222567314,4
178,gbrt,0.21219197498475137,0.07298927020997305,4
178,hist_gbrt,0.18989637914296753,0.05929575466852827,4
178,knn,0.33046746621175327,0.08982868648510638,4
178,lasso,0.016267211874946952,0.006703317704298219,4
178,rf,0.2695488189137528,0.08307362454737222,4
178,ridge,0.018067626748234034,0.006238227724014358,4
179,elastic_net,0.20705164968967438,0.02217499904120456,4
179,extra_trees,0.14188716479108146,0.044591772294943134,4
179,gbrt,0.15613679252826013,0.04526672339589503,4
179,hist_gbrt,0.13881533812837774,0.030328755870219718,4
179,knn,0.23064524952974735,0.0408699968161297,4
179,lasso,0.20684923976659775,0.022006073936769514,4
179,rf,0.17656077142866525,0.04946574946369175,4
179,ridge,0.20610783621668816,0.022286227781228723,4
180,elastic_net,0.6429925858974457,0.33070476958980305,4
180,extra_trees,0.7510285809103375,0.18822283469781328,4
180,gbrt,0.7997173282360952,0.28852918299032815,4
180,hist_gbrt,0.749800422427976,0.24136631904035183,4
180,knn,0.7736448668734697,0.16752585914200033,4
180,lasso,0.6426922827959061,0.3304813547007783,4
180,rf,0.7911604370230542,0.19527970929174682,4
180,ridge,0.6422472670674324,0.3296986326008586,4
181,elastic_net,0.2963281124830246,0.11681762344525158,4
181,extra_trees,0.4234903491164204,0.1970333959767657,4
181,gbrt,0.40940572065192615,0.175922199072096,4
181,hist_gbrt,0.4260553469128825,0.1559859287909887,4
181,knn,0.5036676682765558,0.16244938823055913,4
181,lasso,0.2961202599108219,0.11700904507695965,4
181,rf,0.4501968480672197,0.19394490867444664,4
181,ridge,0.29480046406388283,0.1190638840707344,4
182,elastic_net,0.7532111629843712,0.2072821644794208,4
182,extra_trees,0.7282244090263126,0.11479058444994432,4
182,gbrt,0.782360503277302,0.13986334217041663,4
182,hist_gbrt,0.7708683904656951,0.18524150996923092,4
182,knn,0.812195234726333,0.1324015390494179,4
182,lasso,0.7527777701616287,0.20693966610385323,4
182,rf,0.7352799076476619,0.1169600285858079,4
182,ridge,0.7532665133476257,0.20741602633191047,4
183,elastic_net,0.040471384301781654,0.011934060396487011,4
183,extra_trees,0.13606000665691084,0.08700617185637989,4
183,gbrt,0.14509496746412992,0.08009147074269084,4
183,hist_gbrt,0.1692176258258555,0.08377081434079203,4
183,knn,0.23499016038609666,0.07985330733798923,4
183,lasso,0.04039425775408745,0.011968841946305203,4
183,rf,0.18167662558101366,0.11350587207359741,4
183,ridge,0.04170768056064844,0.012331101925505973,4
184,elastic_net,0.5055988430976868,0.24423185503290198,4
184,extra_trees,0.7069164262384102,0.12688239488427272,4
184,gbrt,0.7284508164965033,0.12378605321062291,4
184,hist_gbrt,0.7121644145358292,0.14676488403871374,4
184,knn,0.7582262788018449,0.12169812479582445,4
184,lasso,0.5051874741911888,0.24262892016772955,4
184,rf,0.7538483322896601,0.13979416689329272,4
184,ridge,0.49680710583925247,0.22666676327956614,4
185,elastic_net,0.01716590259457007,0.017574586305190248,4
185,extra_trees,0.48050596963756675,0.11257281156223076,4
185,gbrt,0.42511092004131046,0.10558630528387418,4
185,hist_gbrt,0.38920518550325817,0.09264161178096583,4
185,knn,0.5610724604152888,0.13902251636033652,4
185,lasso,0.01733920944388956,0.017430018758085957,4
185,rf,0.4942332114982682,0.10480166677858611,4
185,ridge,0.02256595646031201,0.017343141148310745,4
186,elastic_net,0.0004958180434186943,0.00020317733919248668,4
186,extra_trees,0.05805099952695863,0.04808397651048295,4
186,gbrt,0.05075514507944804,0.03503203929854267,4
186,hist_gbrt,0.05384316371333496,0.03815535730914403,4
186,knn,0.11481518906090198,0.08880007643818755,4
186,lasso,0.0008071416086750105,0.00015133291567103575,4
186,rf,0.07355575160795916,0.059571963131878014,4
186,ridge,0.0007469400916306768,0.0005800553907531645,4
187,elastic_net,0.3646695762872696,0.062341468533239255,4
187,extra_trees,0.5284369110779548,0.1168635883555537,4
187,gbrt,0.5535143568078029,0.12265144453523137,4
187,hist_gbrt,0.5476777631578995,0.1329080969442271,4
187,knn,0.6244753404680624,0.12661973822597947,4
187,lasso,0.3643038719892502,0.06242854820696724,4
187,rf,0.5982011456773118,0.09513592071061351,4
187,ridge,0.3639054521918297,0.06264636603603882,4
188,elastic_net,0.4679194688796997,0.21618437355355338,4
188,extra_trees,0.5862915691127053,0.2246660233897571,4
188,gbrt,0.6033564572227814,0.2524410093933069,4
188,hist_gbrt,0.6065991024519802,0.24634582440951888,4
188,knn,0.6632497370492063,0.19560404349309377,4
188,lasso,0.46820853278040886,0.2163737101647561,4
188,rf,0.6049072401001612,0.22415876837093482,4
188,ridge,0.4683620072901249,0.2163381349136674,4
189,elastic_net,0.44244620203971863,0.20600523871642154,4
189,extra_trees,0.4879318136887484,0.15597920799287807,4
189,gbrt,0.5049214443371886,0.14794727607993727,4
189,hist_gbrt,0.5326767485364965,0.09514825616842028,4
189,knn,0.5676140088028953,0.11308310356644014,4
189,lasso,0.4421154074370861,0.2060067675821363,4
189,rf,0.4908441778888604,0.14607077015987338,4
189,ridge,0.4403853639960289,0.20451149621412665,4
190,elastic_net,0.4942113012075424,0.12351027159235341,4
190,extra_trees,0.5642241569470311,0.04533681004521759,4
190,gbrt,0.5887580232471417,0.06259951252435793,4
190,hist_gbrt,0.6318049066243236,0.13131483040144604,4
190,knn,0.6087753973973601,0.04376678039789544,4
190,lasso,0.49424712359905243,0.12315765160697456,4
190,rf,0.57690311221989,0.050515942724869645,4
190,ridge,0.4938885197043419,0.11997978495710519,4
191,elastic_net,0.033290277468040586,0.021437798851589238,4
191,extra_trees,0.16682754381120324,0.05486879184489041,4
191,gbrt,0.14935638229944337,0.051579867924653855,4
191,hist_gbrt,0.14081840290852257,0.04207417985608223,4
191,knn,0.24859544561648445,0.03723977841985651,4
191,lasso,0.03345268405973911,0.021658134770507813,4
191,rf,0.17780352523755807,0.05359330604051047,4
191,ridge,0.036830884171649814,0.021187011651724603,4
